{"Mosaics": {"_type": "images/separated", "width": 1280, "height": 1280, "format": "jpg", "count": 10, "filenames": ["media/images/Mosaics_0_c15bb76b36c7fc7d80e2.jpg", "media/images/Mosaics_0_78db3dbdb6d92a130ca8.jpg", "media/images/Mosaics_0_2de11cb820e9c8613dec.jpg", "media/images/Mosaics_0_97dfa47bc208a2ba90df.jpg", "media/images/Mosaics_0_1c62b93bd340f3be1200.jpg", "media/images/Mosaics_0_5da73d71359b52f9278f.jpg", "media/images/Mosaics_0_b9f071880f2434ade8d6.jpg", "media/images/Mosaics_0_76906c73cd90a2ce2c88.jpg", "media/images/Mosaics_0_8d72539f7da10482bafc.jpg", "media/images/Mosaics_0_f16eef50145f051d09aa.jpg"], "captions": ["train_batch0.jpg", "train_batch1.jpg", "train_batch2.jpg", "train_batch3.jpg", "train_batch4.jpg", "train_batch5.jpg", "train_batch6.jpg", "train_batch7.jpg", "train_batch8.jpg", "train_batch9.jpg"]}, "train/box_loss": 0.03030484914779663, "train/obj_loss": 0.002169691026210785, "train/cls_loss": 0.0, "metrics/precision": 0.9371698194031267, "metrics/recall": 0.711693990686701, "metrics/mAP_0.5": 0.7693680815345788, "metrics/mAP_0.5:0.95": 0.4029739435216883, "val/box_loss": 0.08092708885669708, "val/obj_loss": 0.007399237249046564, "val/cls_loss": 0.0, "x/lr0": 0.0010009869243631953, "x/lr1": 0.0010009869243631953, "x/lr2": 0.0010009869243631953, "_timestamp": 1679057390.446714, "_runtime": 8348.09836101532, "_step": 300, "Bounding Box Debugger/Images": {"_type": "images/separated", "width": 672, "height": 544, "format": "png", "count": 16, "filenames": ["media/images/Bounding Box Debugger/Images_299_e27c75bd855aca9b3645.png", "media/images/Bounding Box Debugger/Images_299_abf8f927799c54ff9f3b.png", "media/images/Bounding Box Debugger/Images_299_489ac46e9116bb721d82.png", "media/images/Bounding Box Debugger/Images_299_2f5d92441583f7b9c06d.png", "media/images/Bounding Box Debugger/Images_299_711914fd79acb48023dc.png", "media/images/Bounding Box Debugger/Images_299_82db4811296e4eff2cc4.png", "media/images/Bounding Box Debugger/Images_299_ad0a82ce92a0890bfae8.png", "media/images/Bounding Box Debugger/Images_299_993b6ce9b2b18bdc44e8.png", "media/images/Bounding Box Debugger/Images_299_3b46c128f16ec7836c16.png", "media/images/Bounding Box Debugger/Images_299_f26711a7c0be9c19b0fe.png", "media/images/Bounding Box Debugger/Images_299_aba361e9c52120d0a7fd.png", "media/images/Bounding Box Debugger/Images_299_1a5cbc649c279c7eb8e1.png", "media/images/Bounding Box Debugger/Images_299_41a534cb9ce2b494d04b.png", "media/images/Bounding Box Debugger/Images_299_c764cd71f71d50b0f7d8.png", "media/images/Bounding Box Debugger/Images_299_0020dfce0206975a55ae.png", "media/images/Bounding Box Debugger/Images_299_6059ddc68cf328bee860.png"], "captions": ["1011.jpg", "520.jpg", "516.jpg", "511.jpg", "51.jpg", "507.jpg", "503.jpg", "50.jpg", "497.jpg", "496.jpg", "49.jpg", "484.jpg", "483.jpg", "482.jpg", "529.jpg", "481.jpg"], "all_boxes": [{"predictions": {"_type": "boxes2D", "sha256": "5bf7345deae39917fbb4de9d230799410f6127befd090e91c2ddf451fe9ea6d8", "size": 42131, "path": "media/metadata/boxes2D/Bounding Box Debugger/Images_299_5bf7345deae39917fbb4.boxes2D.json"}}, {"predictions": {"_type": "boxes2D", "sha256": "109cdf71f08eb2c0413a6368bc95a38460b24af6dd2524841f0f6239d95f1d58", "size": 1597, "path": "media/metadata/boxes2D/Bounding Box Debugger/Images_299_109cdf71f08eb2c0413a.boxes2D.json"}}, {"predictions": {"_type": "boxes2D", "sha256": "79cb0541f472e5dda74e2c35cf9599620898507017b23901e1f29c3010d9665d", "size": 628, "path": "media/metadata/boxes2D/Bounding Box Debugger/Images_299_79cb0541f472e5dda74e.boxes2D.json"}}, {"predictions": {"_type": "boxes2D", "sha256": "d70e21f5d74516402e96bfeacdfbc82acf73b6a7209eddee9b0bbdd635b6ae90", "size": 813, "path": "media/metadata/boxes2D/Bounding Box Debugger/Images_299_d70e21f5d74516402e96.boxes2D.json"}}, {"predictions": {"_type": "boxes2D", "sha256": "273c1c6daefae98dabc0e7f70d6305a4178fd84f5c8e44a66b1f45e89f9ad34f", "size": 998, "path": "media/metadata/boxes2D/Bounding Box Debugger/Images_299_273c1c6daefae98dabc0.boxes2D.json"}}, {"predictions": {"_type": "boxes2D", "sha256": "9f40c274bc10e99307bee36b2fbc6edf4235b5803118fbddc334ce1c1d49a5a2", "size": 1558, "path": "media/metadata/boxes2D/Bounding Box Debugger/Images_299_9f40c274bc10e99307be.boxes2D.json"}}, {"predictions": {"_type": "boxes2D", "sha256": "2ace5e043833d75ad216add124bfc9fcaa37decb704512ca08570219bc6d2ed8", "size": 1737, "path": "media/metadata/boxes2D/Bounding Box Debugger/Images_299_2ace5e043833d75ad216.boxes2D.json"}}, {"predictions": {"_type": "boxes2D", "sha256": "d19ad9eaf742743945a5d719d34da627ceec318b2f621b9c9598229f1a8555e8", "size": 2538, "path": "media/metadata/boxes2D/Bounding Box Debugger/Images_299_d19ad9eaf742743945a5.boxes2D.json"}}, {"predictions": {"_type": "boxes2D", "sha256": "fafbd3496274128e0c63e032d5bec38e00a462294c37e68a54277af6bb238d16", "size": 813, "path": "media/metadata/boxes2D/Bounding Box Debugger/Images_299_fafbd3496274128e0c63.boxes2D.json"}}, {"predictions": {"_type": "boxes2D", "sha256": "0ec643259ce332878b7dfa0b66e248d57238ce6f0ed9fb076d34a8b4060559d3", "size": 1962, "path": "media/metadata/boxes2D/Bounding Box Debugger/Images_299_0ec643259ce332878b7d.boxes2D.json"}}, {"predictions": {"_type": "boxes2D", "sha256": "2920fb24d44d63a56a54fd59c2eb961df31b80feec33695e809ecaf4432cc96b", "size": 423, "path": "media/metadata/boxes2D/Bounding Box Debugger/Images_299_2920fb24d44d63a56a54.boxes2D.json"}}, {"predictions": {"_type": "boxes2D", "sha256": "106113d8f97f74d6f5552602602e5a0a27d48b995f33068397bf23d41c331e2a", "size": 813, "path": "media/metadata/boxes2D/Bounding Box Debugger/Images_299_106113d8f97f74d6f555.boxes2D.json"}}, {"predictions": {"_type": "boxes2D", "sha256": "628f70f456d66f242b85c254c14bb478e5d31a09d20cd584664e2905a642a1e8", "size": 229, "path": "media/metadata/boxes2D/Bounding Box Debugger/Images_299_628f70f456d66f242b85.boxes2D.json"}}, {"predictions": {"_type": "boxes2D", "sha256": "e5d452cbe2c7a61f7208715a285671999160966c50865ae233a63d32889b86f9", "size": 1387, "path": "media/metadata/boxes2D/Bounding Box Debugger/Images_299_e5d452cbe2c7a61f7208.boxes2D.json"}}, {"predictions": {"_type": "boxes2D", "sha256": "0a938559221cefcf03ede220e9d7ceb4ce42eb39691b1ea0b477704086d65b9b", "size": 1013, "path": "media/metadata/boxes2D/Bounding Box Debugger/Images_299_0a938559221cefcf03ed.boxes2D.json"}}, {"predictions": {"_type": "boxes2D", "sha256": "535dfd8f75a60d8b76e2f01c1363d73e54f0d6b5d039d9382c9c72c910e9c651", "size": 1003, "path": "media/metadata/boxes2D/Bounding Box Debugger/Images_299_535dfd8f75a60d8b76e2.boxes2D.json"}}]}, "Validation": {"_type": "images/separated", "width": 1280, "height": 1038, "format": "jpg", "count": 6, "filenames": ["media/images/Validation_299_a78509837b9789f8abac.jpg", "media/images/Validation_299_4cd49fe2c279ba29d032.jpg", "media/images/Validation_299_76adcf72f9c6d8075585.jpg", "media/images/Validation_299_3570d67f0b39c666c51a.jpg", "media/images/Validation_299_d7e89cd4dfbcc4dfa3af.jpg", "media/images/Validation_299_24d9b4341c35c219fc6c.jpg"], "captions": ["test_batch0_labels.jpg", "test_batch0_pred.jpg", "test_batch1_labels.jpg", "test_batch1_pred.jpg", "test_batch2_labels.jpg", "test_batch2_pred.jpg"]}, "Results": {"_type": "images/separated", "width": 2400, "height": 1200, "format": "png", "count": 6, "filenames": ["media/images/Results_300_563d270a13c3cb5c1e4b.png", "media/images/Results_300_1503d9e6507e416767d5.png", "media/images/Results_300_c46a64a39762a7e39dbe.png", "media/images/Results_300_b8e0435f42b6e47942d0.png", "media/images/Results_300_7d29d9d822ed3536db7f.png", "media/images/Results_300_d4ee2c8ceb288f05c43c.png"], "captions": ["results.png", "confusion_matrix.png", "F1_curve.png", "PR_curve.png", "P_curve.png", "R_curve.png"]}, "_wandb": {"runtime": 8344}}