{"Mosaics": {"_type": "images/separated", "width": 1280, "height": 1280, "format": "jpg", "count": 10, "filenames": ["media/images/Mosaics_0_92236d473c59ec827b28.jpg", "media/images/Mosaics_0_8f4c90c7990f3db3ea33.jpg", "media/images/Mosaics_0_94da50b6f1e4b348539d.jpg", "media/images/Mosaics_0_50647d55bf3e95b03547.jpg", "media/images/Mosaics_0_7b1eca5b5d51356169a8.jpg", "media/images/Mosaics_0_40cbcbe45425e2790e39.jpg", "media/images/Mosaics_0_91d060d71363a6a1bbdf.jpg", "media/images/Mosaics_0_fc758fc75b032addaaf5.jpg", "media/images/Mosaics_0_7aa6217f6cc5ac16e30e.jpg", "media/images/Mosaics_0_0c46ee01b34389145695.jpg"], "captions": ["train_batch0.jpg", "train_batch1.jpg", "train_batch2.jpg", "train_batch3.jpg", "train_batch4.jpg", "train_batch5.jpg", "train_batch6.jpg", "train_batch7.jpg", "train_batch8.jpg", "train_batch9.jpg"]}, "train/box_loss": 0.007176896091550589, "train/obj_loss": 0.0005097882822155952, "train/cls_loss": 0.0, "metrics/precision": 0.9999969887740338, "metrics/recall": 1.0, "metrics/mAP_0.5": 0.9981380753138075, "metrics/mAP_0.5:0.95": 0.5323449508155489, "val/box_loss": 0.011385621502995491, "val/obj_loss": 0.0011683846823871136, "val/cls_loss": 0.0, "x/lr0": 0.0010009869243631953, "x/lr1": 0.0010009869243631953, "x/lr2": 0.0010009869243631953, "_timestamp": 1678973664.9623175, "_runtime": 6124.777956485748, "_step": 300, "Bounding Box Debugger/Images": {"_type": "images/separated", "width": 544, "height": 448, "format": "png", "count": 16, "filenames": ["media/images/Bounding Box Debugger/Images_299_4e64beb8da5f5af757a0.png", "media/images/Bounding Box Debugger/Images_299_10878d7a81029e16e089.png", "media/images/Bounding Box Debugger/Images_299_beb35f88e8ef8f06b740.png", "media/images/Bounding Box Debugger/Images_299_c8c9737d43e22c49fa6a.png", "media/images/Bounding Box Debugger/Images_299_26466b11a62a5da1b18d.png", "media/images/Bounding Box Debugger/Images_299_3fd62741efe734348afc.png", "media/images/Bounding Box Debugger/Images_299_da63815630d4c9a55057.png", "media/images/Bounding Box Debugger/Images_299_bb3e461582007d2f40a2.png", "media/images/Bounding Box Debugger/Images_299_0f9984b36e6428236a8a.png", "media/images/Bounding Box Debugger/Images_299_208a72b74a6474a43382.png", "media/images/Bounding Box Debugger/Images_299_cd7b33d7f74c1d7f5e2d.png", "media/images/Bounding Box Debugger/Images_299_7b1a714db3b8a01b2069.png", "media/images/Bounding Box Debugger/Images_299_c28bbec45fee958518b8.png", "media/images/Bounding Box Debugger/Images_299_c661c0aa517ea453634f.png", "media/images/Bounding Box Debugger/Images_299_09a410129cf624787066.png", "media/images/Bounding Box Debugger/Images_299_04fdb4f2715e5260b67f.png"], "captions": ["000901.jpg", "001104.jpg", "001103.jpg", "001102.jpg", "001101.jpg", "001100.jpg", "001099.jpg", "001105.jpg", "001098.jpg", "001096.jpg", "001095.jpg", "001094.jpg", "001093.jpg", "001092.jpg", "001091.jpg", "001097.jpg"], "all_boxes": [{"predictions": {"_type": "boxes2D", "sha256": "ea7266b72f3e6b9125837a2761948477c73c5888c042b10780e0884217871f87", "size": 234, "path": "media/metadata/boxes2D/Bounding Box Debugger/Images_299_ea7266b72f3e6b912583.boxes2D.json"}}, {"predictions": {"_type": "boxes2D", "sha256": "8d109cc78908c84c2b5d7d76cb5a400bb826eeebb8ae6c5d2c123d770dde4b7b", "size": 232, "path": "media/metadata/boxes2D/Bounding Box Debugger/Images_299_8d109cc78908c84c2b5d.boxes2D.json"}}, {"predictions": {"_type": "boxes2D", "sha256": "58c05eb476f452b3dd6a4b15b9f771c1baf39a11e6030462ef93ff0cf1a9cb3e", "size": 797, "path": "media/metadata/boxes2D/Bounding Box Debugger/Images_299_58c05eb476f452b3dd6a.boxes2D.json"}}, {"predictions": {"_type": "boxes2D", "sha256": "8853b786c28d1363b947b30f7e9de0f4ce43bc8df6fb8d87e4e2c226d7759db5", "size": 616, "path": "media/metadata/boxes2D/Bounding Box Debugger/Images_299_8853b786c28d1363b947.boxes2D.json"}}, {"predictions": {"_type": "boxes2D", "sha256": "12930b72f8db99ccb1205b373ff1f88254c80c686c950663c4293c6b9caa75af", "size": 423, "path": "media/metadata/boxes2D/Bounding Box Debugger/Images_299_12930b72f8db99ccb120.boxes2D.json"}}, {"predictions": {"_type": "boxes2D", "sha256": "f8d69731070753d6f8e8d0c0631047c33dab0c41e6523c0c6050ac9627a080df", "size": 417, "path": "media/metadata/boxes2D/Bounding Box Debugger/Images_299_f8d69731070753d6f8e8.boxes2D.json"}}, {"predictions": {"_type": "boxes2D", "sha256": "75b5ac290a63f5a5af8651cce7725058aab3682a7fc6e601ba2e860b2271d00f", "size": 423, "path": "media/metadata/boxes2D/Bounding Box Debugger/Images_299_75b5ac290a63f5a5af86.boxes2D.json"}}, {"predictions": {"_type": "boxes2D", "sha256": "137955a2bdb122e7d51e56b61b3eb3571521e22eaff41eb1d1ce1c9fcfc2f83e", "size": 232, "path": "media/metadata/boxes2D/Bounding Box Debugger/Images_299_137955a2bdb122e7d51e.boxes2D.json"}}, {"predictions": {"_type": "boxes2D", "sha256": "ac8fd3374c017e84ba49b4a24829e231d4b9763c29c316e3d732e299d8cc227b", "size": 418, "path": "media/metadata/boxes2D/Bounding Box Debugger/Images_299_ac8fd3374c017e84ba49.boxes2D.json"}}, {"predictions": {"_type": "boxes2D", "sha256": "64e2339bf62ef436d5d03884dea6fcefe3f0824f4e60ed0b1af743eb5dee1452", "size": 232, "path": "media/metadata/boxes2D/Bounding Box Debugger/Images_299_64e2339bf62ef436d5d0.boxes2D.json"}}, {"predictions": {"_type": "boxes2D", "sha256": "919e8df01efc02091f91534fb6054ef26cbcef0983cfe1991ee479ec9b07ab07", "size": 228, "path": "media/metadata/boxes2D/Bounding Box Debugger/Images_299_919e8df01efc02091f91.boxes2D.json"}}, {"predictions": {"_type": "boxes2D", "sha256": "2999bcb55b504ef936af231607c082c931b466693a76ba135afb31a188de4500", "size": 233, "path": "media/metadata/boxes2D/Bounding Box Debugger/Images_299_2999bcb55b504ef936af.boxes2D.json"}}, {"predictions": {"_type": "boxes2D", "sha256": "9f7ba67b9dfe1e34629c2fbb93bcf5b4c80c4302101cbbd8eea452b9781345d0", "size": 234, "path": "media/metadata/boxes2D/Bounding Box Debugger/Images_299_9f7ba67b9dfe1e34629c.boxes2D.json"}}, {"predictions": {"_type": "boxes2D", "sha256": "ac4ab03959d7218d519665d8028d7c8d79fcea00b2cf5290d6176800aed758c0", "size": 234, "path": "media/metadata/boxes2D/Bounding Box Debugger/Images_299_ac4ab03959d7218d5196.boxes2D.json"}}, {"predictions": {"_type": "boxes2D", "sha256": "b6e1e1647bc1637d9e5a3e6f978569f2b6426bb24bb4d66df8282538b5693689", "size": 424, "path": "media/metadata/boxes2D/Bounding Box Debugger/Images_299_b6e1e1647bc1637d9e5a.boxes2D.json"}}, {"predictions": {"_type": "boxes2D", "sha256": "b989ad5e3a272e23455a84d4173607237b11080e486978091eef5c4b9ae4b2d4", "size": 420, "path": "media/metadata/boxes2D/Bounding Box Debugger/Images_299_b989ad5e3a272e23455a.boxes2D.json"}}]}, "Validation": {"_type": "images/separated", "width": 1280, "height": 1054, "format": "jpg", "count": 6, "filenames": ["media/images/Validation_299_c5594d651f866d0e7db2.jpg", "media/images/Validation_299_f85a98e4ee5740ddc7d9.jpg", "media/images/Validation_299_1f0fd2fcc99648f75d7a.jpg", "media/images/Validation_299_d50bf931628bb67d320e.jpg", "media/images/Validation_299_ab5f3072dc7b34406880.jpg", "media/images/Validation_299_fb15ceae5d148a039713.jpg"], "captions": ["test_batch0_labels.jpg", "test_batch0_pred.jpg", "test_batch1_labels.jpg", "test_batch1_pred.jpg", "test_batch2_labels.jpg", "test_batch2_pred.jpg"]}, "Results": {"_type": "images/separated", "width": 2400, "height": 1200, "format": "png", "count": 6, "filenames": ["media/images/Results_300_b177472654e770e98612.png", "media/images/Results_300_65660c8ef821cc344e78.png", "media/images/Results_300_4729b5061d7898369c41.png", "media/images/Results_300_ed8073861a41db2b72e7.png", "media/images/Results_300_40991cd007a02076eec5.png", "media/images/Results_300_a9f03e5382471723273e.png"], "captions": ["results.png", "confusion_matrix.png", "F1_curve.png", "PR_curve.png", "P_curve.png", "R_curve.png"]}, "_wandb": {"runtime": 6120}}